Date,Close,Predicted_Direction
2020-08-10 00:00:00-04:00,35.46591567993164,UP
2020-08-11 00:00:00-04:00,35.832454681396484,UP
2020-08-12 00:00:00-04:00,35.82433319091797,UP
2020-08-13 00:00:00-04:00,34.94679260253906,UP
2020-08-14 00:00:00-04:00,35.1011848449707,UP
2020-08-17 00:00:00-04:00,34.64616775512695,UP
2020-08-18 00:00:00-04:00,34.47553634643555,UP
2020-08-19 00:00:00-04:00,34.09364318847656,UP
2020-08-20 00:00:00-04:00,33.573631286621094,UP
2020-08-21 00:00:00-04:00,33.32174301147461,UP
2020-08-24 00:00:00-04:00,34.30489730834961,UP
2020-08-25 00:00:00-04:00,33.21611022949219,UP
2020-08-26 00:00:00-04:00,32.509212493896484,UP
2020-08-27 00:00:00-04:00,32.289833068847656,UP
2020-08-28 00:00:00-04:00,33.06172561645508,UP
2020-08-31 00:00:00-04:00,32.45233917236328,UP
2020-09-01 00:00:00-04:00,32.03794860839844,UP
2020-09-02 00:00:00-04:00,31.842945098876953,UP
2020-09-03 00:00:00-04:00,31.77794075012207,UP
2020-09-04 00:00:00-04:00,31.753570556640625,UP
2020-09-08 00:00:00-04:00,31.022293090820312,UP
2020-09-09 00:00:00-04:00,30.835416793823242,UP
2020-09-10 00:00:00-04:00,30.06351661682129,UP
2020-09-11 00:00:00-04:00,29.982261657714844,UP
2020-09-14 00:00:00-04:00,29.787248611450195,UP
2020-09-15 00:00:00-04:00,29.47037124633789,UP
2020-09-16 00:00:00-04:00,30.721656799316406,UP
2020-09-17 00:00:00-04:00,30.71353530883789,UP
2020-09-18 00:00:00-04:00,30.217885971069336,UP
2020-09-21 00:00:00-04:00,29.600374221801758,UP
2020-09-22 00:00:00-04:00,28.86909294128418,UP
2020-09-23 00:00:00-04:00,27.942813873291016,UP
2020-09-24 00:00:00-04:00,27.88593864440918,UP
2020-09-25 00:00:00-04:00,28.145946502685547,UP
2020-09-28 00:00:00-04:00,28.690336227416992,UP
2020-09-29 00:00:00-04:00,27.85342788696289,UP
2020-09-30 00:00:00-04:00,27.894062042236328,UP
2020-10-01 00:00:00-04:00,26.919031143188477,UP
2020-10-02 00:00:00-04:00,26.797151565551758,UP
2020-10-05 00:00:00-04:00,27.414676666259766,UP
2020-10-06 00:00:00-04:00,27.130292892456055,UP
2020-10-07 00:00:00-04:00,27.219663619995117,UP
2020-10-08 00:00:00-04:00,28.64971160888672,UP
2020-10-09 00:00:00-04:00,28.227203369140625,UP
2020-10-12 00:00:00-04:00,28.1378231048584,UP
2020-10-13 00:00:00-04:00,27.804685592651367,UP
2020-10-14 00:00:00-04:00,27.7478084564209,UP
2020-10-15 00:00:00-04:00,27.99156379699707,UP
2020-10-16 00:00:00-04:00,27.707172393798828,UP
2020-10-19 00:00:00-04:00,27.1546630859375,UP
2020-10-20 00:00:00-04:00,27.382165908813477,UP
2020-10-21 00:00:00-04:00,26.94340705871582,UP
2020-10-22 00:00:00-04:00,28.32469940185547,UP
2020-10-23 00:00:00-04:00,27.75593376159668,UP
2020-10-26 00:00:00-04:00,27.097782135009766,UP
2020-10-27 00:00:00-04:00,26.66714859008789,UP
2020-10-28 00:00:00-04:00,25.651487350463867,UP
2020-10-29 00:00:00-04:00,26.789024353027344,UP
2020-10-30 00:00:00-04:00,26.504642486572266,UP
2020-11-02 00:00:00-05:00,27.617801666259766,UP
2020-11-03 00:00:00-05:00,27.146533966064453,UP
2020-11-04 00:00:00-05:00,27.000280380249023,UP
2020-11-05 00:00:00-05:00,26.951526641845703,UP
2020-11-06 00:00:00-05:00,26.6346492767334,UP
2020-11-09 00:00:00-05:00,30.006637573242188,UP
2020-11-10 00:00:00-05:00,30.672344207763672,UP
2020-11-11 00:00:00-05:00,30.356130599975586,UP
2020-11-12 00:00:00-05:00,29.315961837768555,UP
2020-11-13 00:00:00-05:00,30.02327537536621,UP
2020-11-16 00:00:00-05:00,31.754106521606445,UP
2020-11-17 00:00:00-05:00,32.178497314453125,UP
2020-11-18 00:00:00-05:00,30.96358299255371,UP
2020-11-19 00:00:00-05:00,31.12169075012207,UP
2020-11-20 00:00:00-05:00,30.738910675048828,UP
2020-11-23 00:00:00-05:00,32.752662658691406,UP
2020-11-24 00:00:00-05:00,34.93284606933594,UP
2020-11-25 00:00:00-05:00,33.95925521850586,UP
2020-11-27 00:00:00-05:00,33.443336486816406,UP
2020-11-30 00:00:00-05:00,31.72914695739746,UP
2020-12-01 00:00:00-05:00,32.037025451660156,UP
2020-12-02 00:00:00-05:00,33.23529815673828,UP
2020-12-03 00:00:00-05:00,33.45997619628906,UP
2020-12-04 00:00:00-05:00,34.683204650878906,UP
2020-12-07 00:00:00-05:00,34.03413772583008,UP
2020-12-08 00:00:00-05:00,35.149200439453125,UP
2020-12-09 00:00:00-05:00,35.615196228027344,UP
2020-12-10 00:00:00-05:00,36.62207794189453,UP
2020-12-11 00:00:00-05:00,36.44732666015625,UP
2020-12-14 00:00:00-05:00,35.13256072998047,UP
2020-12-15 00:00:00-05:00,35.814903259277344,UP
2020-12-16 00:00:00-05:00,36.36411666870117,UP
2020-12-17 00:00:00-05:00,36.1810417175293,UP
2020-12-18 00:00:00-05:00,35.556941986083984,UP
2020-12-21 00:00:00-05:00,34.90787887573242,UP
2020-12-22 00:00:00-05:00,34.31706619262695,UP
2020-12-23 00:00:00-05:00,34.75810241699219,UP
2020-12-24 00:00:00-05:00,34.61663818359375,UP
2020-12-28 00:00:00-05:00,34.7331428527832,UP
2020-12-29 00:00:00-05:00,34.3420295715332,UP
2020-12-30 00:00:00-05:00,34.61663818359375,UP
2020-12-31 00:00:00-05:00,34.30043411254883,UP
2021-01-04 00:00:00-05:00,34.53342819213867,UP
2021-01-05 00:00:00-05:00,36.19768142700195,UP
2021-01-06 00:00:00-05:00,37.12134552001953,UP
2021-01-07 00:00:00-05:00,37.412593841552734,UP
2021-01-08 00:00:00-05:00,37.82865524291992,UP
2021-01-11 00:00:00-05:00,38.97699737548828,UP
2021-01-12 00:00:00-05:00,39.84242630004883,UP
2021-01-13 00:00:00-05:00,40.29176330566406,UP
2021-01-14 00:00:00-05:00,41.86449432373047,UP
2021-01-15 00:00:00-05:00,39.850738525390625,UP
2021-01-19 00:00:00-05:00,40.64126205444336,UP
2021-01-20 00:00:00-05:00,41.215431213378906,UP
2021-01-21 00:00:00-05:00,40.0338134765625,UP
2021-01-22 00:00:00-05:00,39.46795654296875,UP
2021-01-25 00:00:00-05:00,39.02693557739258,UP
2021-01-26 00:00:00-05:00,38.16983413696289,UP
2021-01-27 00:00:00-05:00,37.737125396728516,UP
2021-01-28 00:00:00-05:00,38.32794189453125,UP
2021-01-29 00:00:00-05:00,37.312744140625,UP
2021-02-01 00:00:00-05:00,37.37930679321289,UP
2021-02-02 00:00:00-05:00,37.970115661621094,UP
2021-02-03 00:00:00-05:00,39.459632873535156,UP
2021-02-04 00:00:00-05:00,40.216880798339844,UP
2021-02-05 00:00:00-05:00,41.56492233276367,UP
2021-02-08 00:00:00-05:00,43.35400390625,UP
2021-02-09 00:00:00-05:00,42.84626007080078,UP
2021-02-10 00:00:00-05:00,43.26091766357422,UP
2021-02-11 00:00:00-05:00,42.177711486816406,UP
2021-02-12 00:00:00-05:00,42.753170013427734,UP
2021-02-16 00:00:00-05:00,44.039485931396484,UP
2021-02-17 00:00:00-05:00,44.72495651245117,UP
2021-02-18 00:00:00-05:00,44.02255630493164,UP
2021-02-19 00:00:00-05:00,44.318748474121094,UP
2021-02-22 00:00:00-05:00,45.9520378112793,UP
2021-02-23 00:00:00-05:00,46.58673095703125,UP
2021-02-24 00:00:00-05:00,47.98306655883789,UP
2021-02-25 00:00:00-05:00,47.18757629394531,UP
2021-02-26 00:00:00-05:00,46.01127624511719,UP
2021-03-01 00:00:00-05:00,47.729190826416016,UP
2021-03-02 00:00:00-05:00,47.449920654296875,UP
2021-03-03 00:00:00-05:00,47.83073806762695,UP
2021-03-04 00:00:00-05:00,49.684043884277344,UP
2021-03-05 00:00:00-05:00,51.5627555847168,UP
2021-03-08 00:00:00-05:00,51.51197052001953,UP
2021-03-09 00:00:00-05:00,50.71649169921875,UP
2021-03-10 00:00:00-05:00,52.27360916137695,UP
2021-03-11 00:00:00-05:00,51.88433837890625,UP
2021-03-12 00:00:00-05:00,52.442867279052734,UP
2021-03-15 00:00:00-04:00,51.10577392578125,UP
2021-03-16 00:00:00-04:00,50.022560119628906,UP
2021-03-17 00:00:00-04:00,50.242576599121094,UP
2021-03-18 00:00:00-04:00,48.076148986816406,UP
2021-03-19 00:00:00-04:00,47.80535125732422,UP
2021-03-22 00:00:00-04:00,47.314510345458984,UP
2021-03-23 00:00:00-04:00,46.730594635009766,UP
2021-03-24 00:00:00-04:00,47.678401947021484,UP
2021-03-25 00:00:00-04:00,47.543006896972656,UP
2021-03-26 00:00:00-04:00,48.83778762817383,UP
2021-03-29 00:00:00-04:00,48.57544708251953,UP
2021-03-30 00:00:00-04:00,47.9745979309082,UP
2021-03-31 00:00:00-04:00,47.246822357177734,UP
2021-04-01 00:00:00-04:00,48.566978454589844,UP
2021-04-05 00:00:00-04:00,47.813812255859375,UP
2021-04-06 00:00:00-04:00,47.678401947021484,UP
2021-04-07 00:00:00-04:00,47.88997268676758,UP
2021-04-08 00:00:00-04:00,47.390682220458984,UP
2021-04-09 00:00:00-04:00,47.280662536621094,UP
2021-04-12 00:00:00-04:00,46.96754837036133,UP
2021-04-13 00:00:00-04:00,47.145267486572266,UP
2021-04-14 00:00:00-04:00,48.50774383544922,UP
2021-04-15 00:00:00-04:00,48.22001266479492,UP
2021-04-16 00:00:00-04:00,47.949214935302734,UP
2021-04-19 00:00:00-04:00,47.79688262939453,UP
2021-04-20 00:00:00-04:00,46.789833068847656,UP
2021-04-21 00:00:00-04:00,47.390682220458984,UP
2021-04-22 00:00:00-04:00,46.77291488647461,UP
2021-04-23 00:00:00-04:00,47.026790618896484,UP
2021-04-26 00:00:00-04:00,47.119873046875,UP
2021-04-27 00:00:00-04:00,47.737640380859375,UP
2021-04-28 00:00:00-04:00,49.17628860473633,UP
2021-04-29 00:00:00-04:00,49.87868881225586,UP
2021-04-30 00:00:00-04:00,48.440040588378906,UP
2021-05-03 00:00:00-04:00,49.77714538574219,UP
2021-05-04 00:00:00-04:00,50.09025573730469,UP
2021-05-05 00:00:00-04:00,51.59659957885742,UP
2021-05-06 00:00:00-04:00,52.087432861328125,UP
2021-05-07 00:00:00-04:00,52.83214569091797,UP
2021-05-10 00:00:00-04:00,52.959083557128906,UP
2021-05-11 00:00:00-04:00,51.275028228759766,UP
2021-05-12 00:00:00-04:00,51.54977798461914,UP
2021-05-13 00:00:00-04:00,50.91440963745117,UP
2021-05-14 00:00:00-04:00,52.176544189453125,UP
2021-05-17 00:00:00-04:00,53.39573669433594,UP
2021-05-18 00:00:00-04:00,51.88462829589844,UP
2021-05-19 00:00:00-04:00,50.63966751098633,UP
2021-05-20 00:00:00-04:00,50.51946258544922,UP
2021-05-21 00:00:00-04:00,50.58814239501953,UP
2021-05-24 00:00:00-04:00,51.18057632446289,UP
2021-05-25 00:00:00-04:00,50.021484375,UP
2021-05-26 00:00:00-04:00,50.60531997680664,UP
2021-05-27 00:00:00-04:00,50.27906036376953,UP
2021-05-28 00:00:00-04:00,50.11592483520508,UP
2021-06-01 00:00:00-04:00,51.91038513183594,UP
2021-06-02 00:00:00-04:00,52.32250213623047,UP
2021-06-03 00:00:00-04:00,52.528564453125,UP
2021-06-04 00:00:00-04:00,52.7603874206543,UP
2021-06-07 00:00:00-04:00,52.41695022583008,UP
2021-06-08 00:00:00-04:00,53.3442268371582,UP
2021-06-09 00:00:00-04:00,53.79069137573242,UP
2021-06-10 00:00:00-04:00,53.87655258178711,UP
2021-06-11 00:00:00-04:00,53.378570556640625,UP
2021-06-14 00:00:00-04:00,53.29270935058594,UP
2021-06-15 00:00:00-04:00,55.233131408691406,UP
2021-06-16 00:00:00-04:00,55.035648345947266,UP
2021-06-17 00:00:00-04:00,53.22402572631836,UP
2021-06-18 00:00:00-04:00,51.85887145996094,UP
2021-06-21 00:00:00-04:00,53.73917770385742,UP
2021-06-22 00:00:00-04:00,54.76948928833008,UP
2021-06-23 00:00:00-04:00,55.173030853271484,UP
2021-06-24 00:00:00-04:00,55.39625930786133,UP
2021-06-25 00:00:00-04:00,55.5164680480957,UP
2021-06-28 00:00:00-04:00,54.09979248046875,UP
2021-06-29 00:00:00-04:00,53.76493453979492,UP
2021-06-30 00:00:00-04:00,54.15989303588867,UP
2021-07-01 00:00:00-04:00,54.31443405151367,UP
2021-07-02 00:00:00-04:00,54.23716735839844,UP
2021-07-06 00:00:00-04:00,52.69169998168945,UP
2021-07-07 00:00:00-04:00,51.867454528808594,UP
2021-07-08 00:00:00-04:00,51.63563537597656,UP
2021-07-09 00:00:00-04:00,52.571502685546875,UP
2021-07-12 00:00:00-04:00,52.519981384277344,UP
2021-07-13 00:00:00-04:00,52.27098846435547,UP
2021-07-14 00:00:00-04:00,51.111900329589844,UP
2021-07-15 00:00:00-04:00,50.61391830444336,UP
2021-07-16 00:00:00-04:00,49.21440505981445,UP
2021-07-19 00:00:00-04:00,47.522987365722656,UP
2021-07-20 00:00:00-04:00,48.04671859741211,UP
2021-07-21 00:00:00-04:00,49.59218978881836,UP
2021-07-22 00:00:00-04:00,49.03410720825195,UP
2021-07-23 00:00:00-04:00,48.9739990234375,UP
2021-07-26 00:00:00-04:00,50.21037292480469,UP
2021-07-27 00:00:00-04:00,49.652286529541016,UP
2021-07-28 00:00:00-04:00,49.98714065551758,UP
2021-07-29 00:00:00-04:00,50.596744537353516,UP
2021-07-30 00:00:00-04:00,49.42905807495117,UP
2021-08-02 00:00:00-04:00,49.4376335144043,UP
2021-08-03 00:00:00-04:00,49.969966888427734,UP
2021-08-04 00:00:00-04:00,48.80228805541992,UP
2021-08-05 00:00:00-04:00,49.11137008666992,UP
2021-08-06 00:00:00-04:00,49.67804718017578,UP
2021-08-09 00:00:00-04:00,49.11137008666992,UP
2021-08-10 00:00:00-04:00,49.952789306640625,UP
2021-08-11 00:00:00-04:00,50.0987548828125,UP
2021-08-12 00:00:00-04:00,49.98545455932617,UP
2021-08-13 00:00:00-04:00,49.47993469238281,UP
2021-08-16 00:00:00-04:00,48.75651931762695,UP
2021-08-17 00:00:00-04:00,48.42531204223633,UP
2021-08-18 00:00:00-04:00,47.40555191040039,UP
2021-08-19 00:00:00-04:00,45.95872497558594,UP
2021-08-20 00:00:00-04:00,45.96744155883789,UP
2021-08-23 00:00:00-04:00,47.8587760925293,UP
2021-08-24 00:00:00-04:00,48.250999450683594,UP
2021-08-25 00:00:00-04:00,48.33815002441406,UP
2021-08-26 00:00:00-04:00,47.68446350097656,UP
2021-08-27 00:00:00-04:00,48.60835266113281,UP
2021-08-30 00:00:00-04:00,48.07667541503906,UP
2021-08-31 00:00:00-04:00,47.51886749267578,UP
2021-09-01 00:00:00-04:00,46.865169525146484,UP
2021-09-02 00:00:00-04:00,48.0069465637207,UP
2021-09-03 00:00:00-04:00,47.823917388916016,UP
2021-09-07 00:00:00-04:00,47.545013427734375,UP
2021-09-08 00:00:00-04:00,47.10921859741211,UP
2021-09-09 00:00:00-04:00,47.144081115722656,UP
2021-09-10 00:00:00-04:00,47.048213958740234,UP
2021-09-13 00:00:00-04:00,48.25971221923828,UP
2021-09-14 00:00:00-04:00,47.571163177490234,UP
2021-09-15 00:00:00-04:00,49.17487335205078,UP
2021-09-16 00:00:00-04:00,48.65192413330078,UP
2021-09-17 00:00:00-04:00,48.07667541503906,UP
2021-09-20 00:00:00-04:00,46.79544448852539,UP
2021-09-21 00:00:00-04:00,46.75186538696289,UP
2021-09-22 00:00:00-04:00,48.12025833129883,UP
2021-09-23 00:00:00-04:00,49.7501220703125,UP
2021-09-24 00:00:00-04:00,50.194637298583984,UP
2021-09-27 00:00:00-04:00,51.68504333496094,UP
2021-09-28 00:00:00-04:00,52.225425720214844,UP
2021-09-29 00:00:00-04:00,52.1905632019043,UP
2021-09-30 00:00:00-04:00,51.26668167114258,UP
2021-10-01 00:00:00-04:00,53.10573196411133,UP
2021-10-04 00:00:00-04:00,53.79427719116211,UP
2021-10-05 00:00:00-04:00,53.707122802734375,UP
2021-10-06 00:00:00-04:00,52.722232818603516,UP
2021-10-07 00:00:00-04:00,52.870399475097656,UP
2021-10-08 00:00:00-04:00,54.19520568847656,UP
2021-10-11 00:00:00-04:00,53.654823303222656,UP
2021-10-12 00:00:00-04:00,53.375911712646484,UP
2021-10-13 00:00:00-04:00,53.227752685546875,UP
2021-10-14 00:00:00-04:00,54.038326263427734,UP
2021-10-15 00:00:00-04:00,54.55256271362305,UP
2021-10-18 00:00:00-04:00,54.526405334472656,UP
2021-10-19 00:00:00-04:00,55.345699310302734,UP
2021-10-20 00:00:00-04:00,55.650753021240234,UP
2021-10-21 00:00:00-04:00,54.639713287353516,UP
2021-10-22 00:00:00-04:00,55.014495849609375,UP
2021-10-25 00:00:00-04:00,56.0865478515625,UP
2021-10-26 00:00:00-04:00,57.385223388671875,UP
2021-10-27 00:00:00-04:00,55.894805908203125,UP
2021-10-28 00:00:00-04:00,56.05168533325195,UP
2021-10-29 00:00:00-04:00,56.191139221191406,UP
2021-11-01 00:00:00-04:00,57.20218276977539,UP
2021-11-02 00:00:00-04:00,56.49619674682617,UP
2021-11-03 00:00:00-04:00,55.720489501953125,UP
2021-11-04 00:00:00-04:00,56.13883972167969,UP
2021-11-05 00:00:00-04:00,56.67051696777344,UP
2021-11-08 00:00:00-05:00,57.28062438964844,UP
2021-11-09 00:00:00-05:00,57.83843994140625,UP
2021-11-10 00:00:00-05:00,56.6989860534668,UP
2021-11-11 00:00:00-05:00,56.80498123168945,UP
2021-11-12 00:00:00-05:00,56.372161865234375,UP
2021-11-15 00:00:00-05:00,56.85798263549805,UP
2021-11-16 00:00:00-05:00,57.432125091552734,UP
2021-11-17 00:00:00-05:00,56.80498123168945,UP
2021-11-18 00:00:00-05:00,56.186676025390625,UP
2021-11-19 00:00:00-05:00,53.58976745605469,UP
2021-11-22 00:00:00-05:00,54.33174133300781,UP
2021-11-23 00:00:00-05:00,55.7626838684082,UP
2021-11-24 00:00:00-05:00,56.07184600830078,UP
2021-11-26 00:00:00-05:00,54.102081298828125,UP
2021-11-29 00:00:00-05:00,54.402408599853516,UP
2021-11-30 00:00:00-05:00,52.856632232666016,UP
2021-12-01 00:00:00-05:00,52.81246566772461,UP
2021-12-02 00:00:00-05:00,54.12858200073242,UP
2021-12-03 00:00:00-05:00,53.78410339355469,UP
2021-12-06 00:00:00-05:00,54.39357376098633,UP
2021-12-07 00:00:00-05:00,55.0030517578125,UP
2021-12-08 00:00:00-05:00,55.16203308105469,UP
2021-12-09 00:00:00-05:00,55.303375244140625,UP
2021-12-10 00:00:00-05:00,55.65669631958008,UP
2021-12-13 00:00:00-05:00,54.437740325927734,UP
2021-12-14 00:00:00-05:00,54.35824203491211,UP
2021-12-15 00:00:00-05:00,54.119747161865234,UP
2021-12-16 00:00:00-05:00,54.20808410644531,UP
2021-12-17 00:00:00-05:00,53.02445602416992,UP
2021-12-20 00:00:00-05:00,52.255985260009766,UP
2021-12-21 00:00:00-05:00,53.43960952758789,UP
2021-12-22 00:00:00-05:00,53.8724250793457,UP
2021-12-23 00:00:00-05:00,53.89892578125,UP
2021-12-27 00:00:00-05:00,54.667388916015625,UP
2021-12-28 00:00:00-05:00,54.4907341003418,UP
2021-12-29 00:00:00-05:00,54.01375198364258,UP
2021-12-30 00:00:00-05:00,53.695770263671875,UP
2021-12-31 00:00:00-05:00,54.04908752441406,UP
2022-01-03 00:00:00-05:00,56.12483596801758,UP
2022-01-04 00:00:00-05:00,58.235923767089844,UP
2022-01-05 00:00:00-05:00,58.96022415161133,UP
2022-01-06 00:00:00-05:00,60.347015380859375,UP
2022-01-07 00:00:00-05:00,60.841644287109375,UP
2022-01-10 00:00:00-05:00,60.47951126098633,UP
2022-01-11 00:00:00-05:00,63.02341079711914,UP
2022-01-12 00:00:00-05:00,62.83790969848633,UP
2022-01-13 00:00:00-05:00,62.387420654296875,UP
2022-01-14 00:00:00-05:00,63.48271942138672,UP
2022-01-18 00:00:00-05:00,64.551513671875,UP
2022-01-19 00:00:00-05:00,64.57801055908203,UP
2022-01-20 00:00:00-05:00,64.71934509277344,UP
2022-01-21 00:00:00-05:00,63.747718811035156,UP
2022-01-24 00:00:00-05:00,64.29536437988281,UP
2022-01-25 00:00:00-05:00,66.18561553955078,UP
2022-01-26 00:00:00-05:00,65.5143051147461,UP
2022-01-27 00:00:00-05:00,66.35343933105469,UP
2022-01-28 00:00:00-05:00,66.49476623535156,UP
2022-01-31 00:00:00-05:00,67.09541320800781,UP
2022-02-01 00:00:00-05:00,71.39710235595703,UP
2022-02-02 00:00:00-05:00,71.21159362792969,UP
2022-02-03 00:00:00-05:00,70.38130187988281,UP
2022-02-04 00:00:00-05:00,71.9094009399414,UP
2022-02-07 00:00:00-05:00,72.77503967285156,UP
2022-02-08 00:00:00-05:00,70.89360809326172,UP
2022-02-09 00:00:00-05:00,70.55423736572266,UP
2022-02-10 00:00:00-05:00,69.87547302246094,UP
2022-02-11 00:00:00-05:00,71.6348648071289,UP
2022-02-14 00:00:00-05:00,70.53636932373047,UP
2022-02-15 00:00:00-05:00,69.65220642089844,UP
2022-02-16 00:00:00-05:00,69.97371673583984,UP
2022-02-17 00:00:00-05:00,69.8665542602539,UP
2022-02-18 00:00:00-05:00,69.0895767211914,UP
2022-02-22 00:00:00-05:00,68.28577423095703,UP
2022-02-23 00:00:00-05:00,68.56263732910156,UP
2022-02-24 00:00:00-05:00,67.69634246826172,UP
2022-02-25 00:00:00-05:00,69.51823425292969,UP
2022-02-28 00:00:00-05:00,70.03622436523438,UP
2022-03-01 00:00:00-05:00,70.70606231689453,UP
2022-03-02 00:00:00-05:00,71.920654296875,UP
2022-03-03 00:00:00-05:00,72.37613677978516,UP
2022-03-04 00:00:00-05:00,75.10005950927734,UP
2022-03-07 00:00:00-05:00,77.8061294555664,UP
2022-03-08 00:00:00-05:00,78.39557647705078,UP
2022-03-09 00:00:00-05:00,73.93904876708984,UP
2022-03-10 00:00:00-05:00,76.23429107666016,UP
2022-03-11 00:00:00-05:00,75.84133911132812,UP
2022-03-14 00:00:00-04:00,73.12633514404297,UP
2022-03-15 00:00:00-04:00,68.96452331542969,UP
2022-03-16 00:00:00-04:00,68.70552825927734,UP
2022-03-17 00:00:00-04:00,70.53636932373047,UP
2022-03-18 00:00:00-04:00,70.25950622558594,UP
2022-03-21 00:00:00-04:00,73.41211700439453,UP
2022-03-22 00:00:00-04:00,73.09060668945312,UP
2022-03-23 00:00:00-04:00,74.24268341064453,UP
2022-03-24 00:00:00-04:00,74.46597290039062,UP
2022-03-25 00:00:00-04:00,76.09138488769531,UP
2022-03-28 00:00:00-04:00,73.95691680908203,UP
2022-03-29 00:00:00-04:00,73.56395721435547,UP
2022-03-30 00:00:00-04:00,74.82320404052734,UP
2022-03-31 00:00:00-04:00,73.76043701171875,UP
2022-04-01 00:00:00-04:00,74.2337646484375,UP
2022-04-04 00:00:00-04:00,74.26948547363281,UP
2022-04-05 00:00:00-04:00,73.88546752929688,UP
2022-04-06 00:00:00-04:00,74.70712280273438,UP
2022-04-07 00:00:00-04:00,75.95743560791016,UP
2022-04-08 00:00:00-04:00,77.55608367919922,UP
2022-04-11 00:00:00-04:00,74.8857421875,UP
2022-04-12 00:00:00-04:00,76.44862365722656,UP
2022-04-13 00:00:00-04:00,77.52928161621094,UP
2022-04-14 00:00:00-04:00,78.44023132324219,UP
2022-04-18 00:00:00-04:00,79.083251953125,UP
2022-04-19 00:00:00-04:00,78.37772369384766,UP
2022-04-20 00:00:00-04:00,78.55632019042969,UP
2022-04-21 00:00:00-04:00,77.72576141357422,UP
2022-04-22 00:00:00-04:00,76.02887725830078,UP
2022-04-25 00:00:00-04:00,73.46570587158203,UP
2022-04-26 00:00:00-04:00,73.49250793457031,UP
2022-04-27 00:00:00-04:00,75.59127807617188,UP
2022-04-28 00:00:00-04:00,77.8775634765625,UP
2022-04-29 00:00:00-04:00,76.13604736328125,UP
2022-05-02 00:00:00-04:00,77.17205047607422,UP
2022-05-03 00:00:00-04:00,78.76174926757812,UP
2022-05-04 00:00:00-04:00,81.89649200439453,UP
2022-05-05 00:00:00-04:00,80.65509796142578,UP
2022-05-06 00:00:00-04:00,81.8875503540039,UP
2022-05-09 00:00:00-04:00,75.43050384521484,UP
2022-05-10 00:00:00-04:00,75.93063354492188,UP
2022-05-11 00:00:00-04:00,77.51141357421875,UP
2022-05-12 00:00:00-04:00,77.86328887939453,UP
2022-05-13 00:00:00-04:00,80.17301177978516,UP
2022-05-16 00:00:00-04:00,82.05870819091797,UP
2022-05-17 00:00:00-04:00,83.10530853271484,UP
2022-05-18 00:00:00-04:00,81.78801727294922,UP
2022-05-19 00:00:00-04:00,82.23014068603516,UP
2022-05-20 00:00:00-04:00,82.87974548339844,UP
2022-05-23 00:00:00-04:00,84.71128845214844,UP
2022-05-24 00:00:00-04:00,85.17141723632812,UP
2022-05-25 00:00:00-04:00,86.88568115234375,UP
2022-05-26 00:00:00-04:00,87.19245147705078,UP
2022-05-27 00:00:00-04:00,88.0495834350586,UP
2022-05-31 00:00:00-04:00,86.6150131225586,UP
2022-06-01 00:00:00-04:00,88.275146484375,UP
2022-06-02 00:00:00-04:00,88.12174224853516,UP
2022-06-03 00:00:00-04:00,89.4029312133789,UP
2022-06-06 00:00:00-04:00,89.17736053466797,UP
2022-06-07 00:00:00-04:00,93.2645034790039,UP
2022-06-08 00:00:00-04:00,94.3652572631836,UP
2022-06-09 00:00:00-04:00,92.32620239257812,UP
2022-06-10 00:00:00-04:00,90.63900756835938,UP
2022-06-13 00:00:00-04:00,86.47968292236328,UP
2022-06-14 00:00:00-04:00,86.70524597167969,UP
2022-06-15 00:00:00-04:00,85.613525390625,UP
2022-06-16 00:00:00-04:00,82.45569610595703,UP
2022-06-17 00:00:00-04:00,77.70087432861328,UP
2022-06-21 00:00:00-04:00,82.5368881225586,UP
2022-06-22 00:00:00-04:00,79.27078247070312,UP
2022-06-23 00:00:00-04:00,76.87984466552734,UP
2022-06-24 00:00:00-04:00,78.40462493896484,UP
2022-06-27 00:00:00-04:00,80.32640075683594,UP
2022-06-28 00:00:00-04:00,82.554931640625,UP
2022-06-29 00:00:00-04:00,79.50537109375,UP
2022-06-30 00:00:00-04:00,77.26781463623047,UP
2022-07-01 00:00:00-04:00,78.99110412597656,UP
2022-07-05 00:00:00-04:00,76.51893615722656,UP
2022-07-06 00:00:00-04:00,75.1385269165039,UP
2022-07-07 00:00:00-04:00,77.53848266601562,UP
2022-07-08 00:00:00-04:00,77.664794921875,UP
2022-07-11 00:00:00-04:00,77.26781463623047,UP
2022-07-12 00:00:00-04:00,76.23926544189453,UP
2022-07-13 00:00:00-04:00,76.5460205078125,UP
2022-07-14 00:00:00-04:00,75.01221466064453,UP
2022-07-15 00:00:00-04:00,76.27535247802734,UP
2022-07-18 00:00:00-04:00,77.68285369873047,UP
2022-07-19 00:00:00-04:00,79.64068603515625,UP
2022-07-20 00:00:00-04:00,80.51587677001953,UP
2022-07-21 00:00:00-04:00,79.1715316772461,UP
2022-07-22 00:00:00-04:00,78.56703186035156,UP
2022-07-25 00:00:00-04:00,81.18354034423828,UP
2022-07-26 00:00:00-04:00,80.86772918701172,UP
2022-07-27 00:00:00-04:00,82.61810302734375,UP
2022-07-28 00:00:00-04:00,83.58349609375,UP
2022-07-29 00:00:00-04:00,87.4541015625,UP
2022-08-01 00:00:00-04:00,85.24361419677734,UP
2022-08-02 00:00:00-04:00,84.87369537353516,UP
2022-08-03 00:00:00-04:00,82.12186431884766,UP
2022-08-04 00:00:00-04:00,78.66627502441406,UP
2022-08-05 00:00:00-04:00,79.8031005859375,UP
2022-08-08 00:00:00-04:00,80.25421905517578,UP
2022-08-09 00:00:00-04:00,81.73388671875,UP
2022-08-10 00:00:00-04:00,82.50981140136719,UP
2022-08-11 00:00:00-04:00,84.89665222167969,UP
2022-08-12 00:00:00-04:00,85.63457489013672,UP
2022-08-15 00:00:00-04:00,84.10408782958984,UP
2022-08-16 00:00:00-04:00,83.32062530517578,UP
2022-08-17 00:00:00-04:00,83.99475860595703,UP
2022-08-18 00:00:00-04:00,85.98075866699219,UP
2022-08-19 00:00:00-04:00,85.70745086669922,UP
2022-08-22 00:00:00-04:00,85.64368438720703,UP
2022-08-23 00:00:00-04:00,89.2785873413086,UP
2022-08-24 00:00:00-04:00,89.8069839477539,UP
2022-08-25 00:00:00-04:00,90.27159118652344,UP
2022-08-26 00:00:00-04:00,89.1601791381836,UP
2022-08-29 00:00:00-04:00,91.20993041992188,UP
2022-08-30 00:00:00-04:00,87.73899841308594,UP
2022-08-31 00:00:00-04:00,87.08306121826172,UP
2022-09-01 00:00:00-04:00,85.51614379882812,UP
2022-09-02 00:00:00-04:00,87.08306121826172,UP
2022-09-06 00:00:00-04:00,86.50001525878906,UP
2022-09-07 00:00:00-04:00,85.7621078491211,UP
2022-09-08 00:00:00-04:00,86.46359252929688,UP
2022-09-09 00:00:00-04:00,87.91209411621094,UP
2022-09-12 00:00:00-04:00,88.92330169677734,UP
2022-09-13 00:00:00-04:00,86.84622192382812,UP
2022-09-14 00:00:00-04:00,88.97795867919922,UP
2022-09-15 00:00:00-04:00,86.3907241821289,UP
2022-09-16 00:00:00-04:00,84.91487121582031,UP
2022-09-19 00:00:00-04:00,84.90577697753906,UP
2022-09-20 00:00:00-04:00,84.21341705322266,UP
2022-09-21 00:00:00-04:00,82.85601043701172,UP
2022-09-22 00:00:00-04:00,82.50981140136719,UP
2022-09-23 00:00:00-04:00,78.1187744140625,UP
2022-09-26 00:00:00-04:00,76.50629425048828,UP
2022-09-27 00:00:00-04:00,78.10965728759766,UP
2022-09-28 00:00:00-04:00,80.95199584960938,UP
2022-09-29 00:00:00-04:00,80.78801727294922,UP
2022-09-30 00:00:00-04:00,79.53994750976562,UP
2022-10-03 00:00:00-04:00,83.73967742919922,UP
2022-10-04 00:00:00-04:00,86.79155731201172,UP
2022-10-05 00:00:00-04:00,90.29891204833984,UP
2022-10-06 00:00:00-04:00,92.9772720336914,UP
2022-10-07 00:00:00-04:00,92.0389404296875,UP
2022-10-10 00:00:00-04:00,90.04383850097656,UP
2022-10-11 00:00:00-04:00,89.2785873413086,UP
2022-10-12 00:00:00-04:00,89.67032623291016,UP
2022-10-13 00:00:00-04:00,92.80419158935547,UP
2022-10-14 00:00:00-04:00,90.3626937866211,UP
2022-10-17 00:00:00-04:00,91.6654281616211,UP
2022-10-18 00:00:00-04:00,91.82941436767578,UP
2022-10-19 00:00:00-04:00,94.55332946777344,UP
2022-10-20 00:00:00-04:00,94.68087005615234,UP
2022-10-21 00:00:00-04:00,96.4391098022461,UP
2022-10-24 00:00:00-04:00,97.11324310302734,UP
2022-10-25 00:00:00-04:00,96.45732116699219,UP
2022-10-26 00:00:00-04:00,97.60518646240234,UP
2022-10-27 00:00:00-04:00,97.97871398925781,UP
2022-10-28 00:00:00-04:00,100.84835815429688,UP
2022-10-31 00:00:00-04:00,100.9485855102539,UP
2022-11-01 00:00:00-04:00,101.95069885253906,UP
2022-11-02 00:00:00-04:00,99.85538482666016,UP
2022-11-03 00:00:00-04:00,101.21278381347656,UP
2022-11-04 00:00:00-04:00,102.31509399414062,UP
2022-11-07 00:00:00-05:00,103.52672576904297,UP
2022-11-08 00:00:00-05:00,103.85469055175781,UP
2022-11-09 00:00:00-05:00,99.20857238769531,UP
2022-11-10 00:00:00-05:00,100.66617584228516,UP
2022-11-11 00:00:00-05:00,103.80913543701172,UP
2022-11-14 00:00:00-05:00,104.1121826171875,UP
2022-11-15 00:00:00-05:00,104.81015014648438,UP
2022-11-16 00:00:00-05:00,103.68975830078125,UP
2022-11-17 00:00:00-05:00,103.82750701904297,UP
2022-11-18 00:00:00-05:00,102.92753601074219,UP
2022-11-21 00:00:00-05:00,101.9081802368164,UP
2022-11-22 00:00:00-05:00,104.85604095458984,UP
2022-11-23 00:00:00-05:00,104.33259582519531,UP
2022-11-25 00:00:00-05:00,103.96525573730469,UP
2022-11-28 00:00:00-05:00,100.84290313720703,UP
2022-11-29 00:00:00-05:00,101.51329803466797,UP
2022-11-30 00:00:00-05:00,102.24795532226562,UP
2022-12-01 00:00:00-05:00,101.75205993652344,UP
2022-12-02 00:00:00-05:00,100.8888168334961,UP
2022-12-05 00:00:00-05:00,98.12461853027344,UP
2022-12-06 00:00:00-05:00,95.39714813232422,UP
2022-12-07 00:00:00-05:00,95.18594360351562,UP
2022-12-08 00:00:00-05:00,95.8930435180664,UP
2022-12-09 00:00:00-05:00,95.08492279052734,UP
2022-12-12 00:00:00-05:00,97.42667388916016,UP
2022-12-13 00:00:00-05:00,98.49195098876953,UP
2022-12-14 00:00:00-05:00,97.7664794921875,UP
2022-12-15 00:00:00-05:00,96.82976531982422,UP
2022-12-16 00:00:00-05:00,96.15019226074219,UP
2022-12-19 00:00:00-05:00,96.58180236816406,UP
2022-12-20 00:00:00-05:00,97.97769165039062,UP
2022-12-21 00:00:00-05:00,99.23580169677734,UP
2022-12-22 00:00:00-05:00,97.23383331298828,UP
2022-12-23 00:00:00-05:00,99.80518341064453,UP
2022-12-27 00:00:00-05:00,101.19187927246094,UP
2022-12-28 00:00:00-05:00,99.52967834472656,UP
2022-12-29 00:00:00-05:00,100.28272247314453,UP
2022-12-30 00:00:00-05:00,101.29290008544922,UP
2023-01-03 00:00:00-05:00,97.81239318847656,UP
2023-01-04 00:00:00-05:00,98.0970687866211,UP
2023-01-05 00:00:00-05:00,100.29190826416016,UP
2023-01-06 00:00:00-05:00,101.50410461425781,UP
2023-01-09 00:00:00-05:00,99.6123275756836,UP
2023-01-10 00:00:00-05:00,101.10002899169922,UP
2023-01-11 00:00:00-05:00,102.27552795410156,UP
2023-01-12 00:00:00-05:00,103.97444152832031,UP
2023-01-13 00:00:00-05:00,103.91017150878906,UP
2023-01-17 00:00:00-05:00,103.7081298828125,UP
2023-01-18 00:00:00-05:00,101.57756805419922,UP
2023-01-19 00:00:00-05:00,102.22959899902344,UP
2023-01-20 00:00:00-05:00,104.09383392333984,UP
2023-01-23 00:00:00-05:00,103.552001953125,UP
2023-01-24 00:00:00-05:00,104.51625061035156,UP
2023-01-25 00:00:00-05:00,103.96525573730469,UP
2023-01-26 00:00:00-05:00,108.1436996459961,UP
2023-01-27 00:00:00-05:00,106.16928100585938,UP
2023-01-30 00:00:00-05:00,104.28667449951172,UP
2023-01-31 00:00:00-05:00,106.53661346435547,UP
2023-02-01 00:00:00-05:00,105.37032318115234,UP
2023-02-02 00:00:00-05:00,102.07349395751953,UP
2023-02-03 00:00:00-05:00,102.78060150146484,UP
2023-02-06 00:00:00-05:00,102.60611724853516,UP
2023-02-07 00:00:00-05:00,105.53561401367188,UP
2023-02-08 00:00:00-05:00,104.61727905273438,UP
2023-02-09 00:00:00-05:00,105.0121841430664,UP
2023-02-10 00:00:00-05:00,109.43856811523438,UP
2023-02-13 00:00:00-05:00,109.01287841796875,UP
2023-02-14 00:00:00-05:00,107.73580169677734,UP
2023-02-15 00:00:00-05:00,107.41192626953125,UP
2023-02-16 00:00:00-05:00,107.0972900390625,UP
2023-02-17 00:00:00-05:00,102.9792251586914,UP
2023-02-21 00:00:00-05:00,102.87743377685547,UP
2023-02-22 00:00:00-05:00,101.54483795166016,UP
2023-02-23 00:00:00-05:00,102.47949981689453,UP
2023-02-24 00:00:00-05:00,102.48876190185547,UP
2023-02-27 00:00:00-05:00,102.30367279052734,UP
2023-02-28 00:00:00-05:00,101.71141815185547,UP
2023-03-01 00:00:00-05:00,102.61832427978516,UP
2023-03-02 00:00:00-05:00,103.09029388427734,UP
2023-03-03 00:00:00-05:00,104.39509582519531,UP
2023-03-06 00:00:00-05:00,105.32049560546875,UP
2023-03-07 00:00:00-05:00,103.28460693359375,UP
2023-03-08 00:00:00-05:00,101.77619934082031,UP
2023-03-09 00:00:00-05:00,100.98959350585938,UP
2023-03-10 00:00:00-05:00,99.74031066894531,UP
2023-03-13 00:00:00-04:00,98.59280395507812,UP
2023-03-14 00:00:00-04:00,98.96296691894531,UP
2023-03-15 00:00:00-04:00,94.03980255126953,UP
2023-03-16 00:00:00-04:00,93.49380493164062,UP
2023-03-17 00:00:00-04:00,92.39257049560547,UP
2023-03-20 00:00:00-04:00,94.8078842163086,UP
2023-03-21 00:00:00-04:00,99.05550384521484,UP
2023-03-22 00:00:00-04:00,96.78825378417969,UP
2023-03-23 00:00:00-04:00,95.6962890625,UP
2023-03-24 00:00:00-04:00,95.80732727050781,UP
2023-03-27 00:00:00-04:00,97.90799713134766,UP
2023-03-28 00:00:00-04:00,99.1295394897461,UP
2023-03-29 00:00:00-04:00,100.83228302001953,UP
2023-03-30 00:00:00-04:00,101.32275390625,UP
2023-03-31 00:00:00-04:00,101.4800796508789,UP
2023-04-03 00:00:00-04:00,107.46744537353516,UP
2023-04-04 00:00:00-04:00,106.44023895263672,UP
2023-04-05 00:00:00-04:00,108.2633056640625,UP
2023-04-06 00:00:00-04:00,106.46800994873047,UP
2023-04-10 00:00:00-04:00,105.99604797363281,UP
2023-04-11 00:00:00-04:00,106.74565124511719,UP
2023-04-12 00:00:00-04:00,106.63458251953125,UP
2023-04-13 00:00:00-04:00,107.13430786132812,UP
2023-04-14 00:00:00-04:00,107.39341735839844,UP
2023-04-17 00:00:00-04:00,106.14411926269531,UP
2023-04-18 00:00:00-04:00,108.21704864501953,UP
2023-04-19 00:00:00-04:00,107.87461853027344,UP
2023-04-20 00:00:00-04:00,107.01399993896484,UP
2023-04-21 00:00:00-04:00,107.35640716552734,UP
2023-04-24 00:00:00-04:00,109.38302612304688,UP
2023-04-25 00:00:00-04:00,107.82836151123047,UP
2023-04-26 00:00:00-04:00,106.83817291259766,UP
2023-04-27 00:00:00-04:00,108.11524200439453,UP
2023-04-28 00:00:00-04:00,109.5125961303711,UP
2023-05-01 00:00:00-04:00,106.1163558959961,UP
2023-05-02 00:00:00-04:00,101.88725280761719,UP
2023-05-03 00:00:00-04:00,99.87911987304688,UP
2023-05-04 00:00:00-04:00,98.1301040649414,UP
2023-05-05 00:00:00-04:00,100.57317352294922,UP
2023-05-08 00:00:00-04:00,100.9710922241211,UP
2023-05-09 00:00:00-04:00,100.99886322021484,UP
2023-05-10 00:00:00-04:00,99.70330047607422,UP
2023-05-11 00:00:00-04:00,97.89874267578125,UP
2023-05-12 00:00:00-04:00,97.88949584960938,UP
2023-05-15 00:00:00-04:00,98.07617950439453,UP
2023-05-16 00:00:00-04:00,95.69590759277344,UP
2023-05-17 00:00:00-04:00,97.84281158447266,UP
2023-05-18 00:00:00-04:00,98.72956848144531,UP
2023-05-19 00:00:00-04:00,99.18696594238281,UP
2023-05-22 00:00:00-04:00,97.98284149169922,UP
2023-05-23 00:00:00-04:00,99.31764221191406,UP
2023-05-24 00:00:00-04:00,100.42842864990234,UP
2023-05-25 00:00:00-04:00,98.62690734863281,UP
2023-05-26 00:00:00-04:00,97.98284149169922,UP
2023-05-30 00:00:00-04:00,97.1147232055664,UP
2023-05-31 00:00:00-04:00,95.3785400390625,UP
2023-06-01 00:00:00-04:00,96.48001098632812,UP
2023-06-02 00:00:00-04:00,98.7202377319336,UP
2023-06-05 00:00:00-04:00,98.28153228759766,UP
2023-06-06 00:00:00-04:00,99.08428955078125,UP
2023-06-07 00:00:00-04:00,101.30586242675781,UP
2023-06-08 00:00:00-04:00,100.98849487304688,UP
2023-06-09 00:00:00-04:00,100.24174499511719,UP
2023-06-12 00:00:00-04:00,99.33631896972656,UP
2023-06-13 00:00:00-04:00,99.35498809814453,UP
2023-06-14 00:00:00-04:00,98.16019439697266,UP
2023-06-15 00:00:00-04:00,98.84159088134766,UP
2023-06-16 00:00:00-04:00,98.1321792602539,UP
2023-06-20 00:00:00-04:00,95.88260650634766,UP
2023-06-21 00:00:00-04:00,96.9560546875,UP
2023-06-22 00:00:00-04:00,96.42398834228516,UP
2023-06-23 00:00:00-04:00,95.58389282226562,UP
2023-06-26 00:00:00-04:00,97.34810638427734,UP
2023-06-27 00:00:00-04:00,97.59080505371094,UP
2023-06-28 00:00:00-04:00,98.38421630859375,UP
2023-06-29 00:00:00-04:00,99.59767150878906,UP
2023-06-30 00:00:00-04:00,100.11106872558594,UP
2023-07-03 00:00:00-04:00,100.30709838867188,UP
2023-07-05 00:00:00-04:00,99.793701171875,UP
2023-07-06 00:00:00-04:00,96.06929016113281,UP
2023-07-07 00:00:00-04:00,96.29331970214844,UP
2023-07-10 00:00:00-04:00,97.72147369384766,UP
2023-07-11 00:00:00-04:00,98.91627502441406,UP
2023-07-12 00:00:00-04:00,99.40165710449219,UP
2023-07-13 00:00:00-04:00,97.58145141601562,UP
2023-07-14 00:00:00-04:00,94.22108459472656,UP
2023-07-17 00:00:00-04:00,94.63179779052734,UP
2023-07-18 00:00:00-04:00,94.2024154663086,UP
2023-07-19 00:00:00-04:00,94.85582733154297,UP
2023-07-20 00:00:00-04:00,96.52667999267578,UP
2023-07-21 00:00:00-04:00,96.97472381591797,UP
2023-07-24 00:00:00-04:00,98.4962158203125,UP
2023-07-25 00:00:00-04:00,98.64559173583984,UP
2023-07-26 00:00:00-04:00,98.0948486328125,UP
2023-07-27 00:00:00-04:00,98.40287780761719,UP
2023-07-28 00:00:00-04:00,97.22674560546875,UP
2023-07-31 00:00:00-04:00,100.10173797607422,UP
2023-08-01 00:00:00-04:00,99.52300262451172,UP
2023-08-02 00:00:00-04:00,98.28153228759766,UP
2023-08-03 00:00:00-04:00,99.9897232055664,UP
2023-08-04 00:00:00-04:00,100.26976013183594,UP
2023-08-07 00:00:00-04:00,100.06440734863281,UP
2023-08-08 00:00:00-04:00,100.55912780761719,UP
2023-08-09 00:00:00-04:00,102.2673110961914,UP
2023-08-10 00:00:00-04:00,102.79003143310547,UP
2023-08-11 00:00:00-04:00,104.3862075805664,UP
2023-08-14 00:00:00-04:00,104.47023010253906,UP
2023-08-15 00:00:00-04:00,101.78811645507812,UP
2023-08-16 00:00:00-04:00,100.07532501220703,UP
2023-08-17 00:00:00-04:00,102.01397705078125,UP
2023-08-18 00:00:00-04:00,103.55735778808594,UP
2023-08-21 00:00:00-04:00,102.30571746826172,UP
2023-08-22 00:00:00-04:00,101.73165130615234,UP
2023-08-23 00:00:00-04:00,100.83761596679688,UP
2023-08-24 00:00:00-04:00,100.0847396850586,UP
2023-08-25 00:00:00-04:00,101.87281036376953,UP
2023-08-28 00:00:00-04:00,102.72920227050781,UP
2023-08-29 00:00:00-04:00,103.34091186523438,UP
2023-08-30 00:00:00-04:00,104.34788513183594,UP
2023-08-31 00:00:00-04:00,104.63961029052734,UP
2023-09-01 00:00:00-04:00,106.83233642578125,UP
2023-09-05 00:00:00-04:00,106.84175872802734,UP
2023-09-06 00:00:00-04:00,107.7640380859375,UP
2023-09-07 00:00:00-04:00,107.23700714111328,UP
2023-09-08 00:00:00-04:00,108.79922485351562,UP
2023-09-11 00:00:00-04:00,107.43464660644531,UP
2023-09-12 00:00:00-04:00,110.5684585571289,UP
2023-09-13 00:00:00-04:00,109.58033752441406,UP
2023-09-14 00:00:00-04:00,111.53779602050781,UP
2023-09-15 00:00:00-04:00,109.82501220703125,UP
2023-09-18 00:00:00-04:00,110.70962524414062,UP
2023-09-19 00:00:00-04:00,110.41790008544922,UP
2023-09-20 00:00:00-04:00,109.54267883300781,UP
2023-09-21 00:00:00-04:00,107.99930572509766,UP
2023-09-22 00:00:00-04:00,108.16869354248047,UP
2023-09-25 00:00:00-04:00,109.38269805908203,UP
2023-09-26 00:00:00-04:00,109.55209350585938,UP
2023-09-27 00:00:00-04:00,113.11882019042969,UP
2023-09-28 00:00:00-04:00,112.43183898925781,UP
2023-09-29 00:00:00-04:00,110.65316772460938,UP
2023-10-02 00:00:00-04:00,108.81803894042969,UP
2023-10-03 00:00:00-04:00,109.00627899169922,UP
2023-10-04 00:00:00-04:00,104.93134307861328,UP
2023-10-05 00:00:00-04:00,102.5692138671875,UP
2023-10-06 00:00:00-04:00,100.85643005371094,UP
2023-10-09 00:00:00-04:00,104.38551330566406,UP
2023-10-10 00:00:00-04:00,103.94319915771484,UP
2023-10-11 00:00:00-04:00,100.21649169921875,UP
2023-10-12 00:00:00-04:00,100.19767761230469,UP
2023-10-13 00:00:00-04:00,103.39738464355469,UP
2023-10-16 00:00:00-04:00,103.47264862060547,UP
2023-10-17 00:00:00-04:00,104.82782745361328,UP
2023-10-18 00:00:00-04:00,106.2959213256836,UP
2023-10-19 00:00:00-04:00,106.36180877685547,UP
2023-10-20 00:00:00-04:00,104.53608703613281,UP
2023-10-23 00:00:00-04:00,103.00211334228516,UP
2023-10-24 00:00:00-04:00,102.00456237792969,UP
2023-10-25 00:00:00-04:00,102.19277954101562,UP
2023-10-26 00:00:00-04:00,101.26110076904297,UP
2023-10-27 00:00:00-04:00,99.33187866210938,UP
2023-10-30 00:00:00-04:00,99.6424331665039,UP
2023-10-31 00:00:00-04:00,99.61420440673828,UP
2023-11-01 00:00:00-04:00,99.41657257080078,UP
2023-11-02 00:00:00-04:00,102.6821517944336,UP
2023-11-03 00:00:00-04:00,101.43048858642578,UP
2023-11-06 00:00:00-05:00,99.63302612304688,UP
2023-11-07 00:00:00-05:00,98.07080841064453,UP
2023-11-08 00:00:00-05:00,96.86621856689453,UP
2023-11-09 00:00:00-05:00,96.89445495605469,UP
2023-11-10 00:00:00-05:00,97.63790893554688,UP
2023-11-13 00:00:00-05:00,98.66370391845703,UP
2023-11-14 00:00:00-05:00,99.04358673095703,UP
2023-11-15 00:00:00-05:00,98.44528198242188,UP
2023-11-16 00:00:00-05:00,97.3056411743164,UP
2023-11-17 00:00:00-05:00,99.67988586425781,UP
2023-11-20 00:00:00-05:00,99.24302673339844,UP
2023-11-21 00:00:00-05:00,99.20503234863281,UP
2023-11-22 00:00:00-05:00,98.77767181396484,UP
2023-11-24 00:00:00-05:00,99.30949401855469,UP
2023-11-27 00:00:00-05:00,98.73017883300781,UP
2023-11-28 00:00:00-05:00,98.67320251464844,UP
2023-11-29 00:00:00-05:00,97.1916732788086,UP
2023-11-30 00:00:00-05:00,97.57154846191406,UP
2023-12-01 00:00:00-05:00,97.80896759033203,UP
2023-12-04 00:00:00-05:00,97.27715301513672,UP
2023-12-05 00:00:00-05:00,95.38726043701172,UP
2023-12-06 00:00:00-05:00,94.1241683959961,UP
2023-12-07 00:00:00-05:00,93.46887969970703,UP
2023-12-08 00:00:00-05:00,94.54203033447266,UP
2023-12-11 00:00:00-05:00,94.60850524902344,UP
2023-12-12 00:00:00-05:00,93.11749267578125,UP
2023-12-13 00:00:00-05:00,93.9437255859375,UP
2023-12-14 00:00:00-05:00,96.46990966796875,UP
2023-12-15 00:00:00-05:00,95.82411193847656,UP
2023-12-18 00:00:00-05:00,96.5363998413086,UP
2023-12-19 00:00:00-05:00,97.80896759033203,UP
2023-12-20 00:00:00-05:00,96.17549896240234,UP
2023-12-21 00:00:00-05:00,96.61236572265625,UP
2023-12-22 00:00:00-05:00,96.78331756591797,UP
2023-12-26 00:00:00-05:00,97.00173950195312,UP
2023-12-27 00:00:00-05:00,96.54589080810547,UP
2023-12-28 00:00:00-05:00,95.14984130859375,UP
2023-12-29 00:00:00-05:00,94.95040893554688,UP
2024-01-02 00:00:00-05:00,97.2106704711914,UP
2024-01-03 00:00:00-05:00,98.02741241455078,UP
2024-01-04 00:00:00-05:00,97.17267608642578,UP
2024-01-05 00:00:00-05:00,97.46708679199219,UP
2024-01-08 00:00:00-05:00,95.8431167602539,UP
2024-01-09 00:00:00-05:00,94.65599822998047,UP
2024-01-10 00:00:00-05:00,93.72529602050781,UP
2024-01-11 00:00:00-05:00,93.70630645751953,UP
2024-01-12 00:00:00-05:00,94.92191314697266,UP
2024-01-16 00:00:00-05:00,92.77560424804688,UP
2024-01-17 00:00:00-05:00,92.10133361816406,UP
2024-01-18 00:00:00-05:00,91.93038177490234,UP
2024-01-19 00:00:00-05:00,92.07282257080078,UP
2024-01-22 00:00:00-05:00,91.94937133789062,UP
2024-01-23 00:00:00-05:00,92.98453521728516,UP
2024-01-24 00:00:00-05:00,94.58952331542969,UP
2024-01-25 00:00:00-05:00,96.99223327636719,UP
2024-01-26 00:00:00-05:00,97.81846618652344,UP
2024-01-29 00:00:00-05:00,97.94193267822266,UP
2024-01-30 00:00:00-05:00,99.57540130615234,UP
2024-01-31 00:00:00-05:00,97.63803100585938,UP
2024-02-01 00:00:00-05:00,97.2391586303711,UP
2024-02-02 00:00:00-05:00,96.8403091430664,UP
2024-02-05 00:00:00-05:00,96.44142150878906,UP
2024-02-06 00:00:00-05:00,97.10621643066406,UP
2024-02-07 00:00:00-05:00,97.07772064208984,UP
2024-02-08 00:00:00-05:00,98.73967742919922,UP
2024-02-09 00:00:00-05:00,96.65033721923828,UP
2024-02-12 00:00:00-05:00,97.97992706298828,UP
2024-02-13 00:00:00-05:00,97.13642120361328,UP
2024-02-14 00:00:00-05:00,96.65716552734375,UP
2024-02-15 00:00:00-05:00,99.42729949951172,UP
2024-02-16 00:00:00-05:00,99.42729949951172,UP
2024-02-20 00:00:00-05:00,98.48794555664062,UP
2024-02-21 00:00:00-05:00,100.50082397460938,UP
2024-02-22 00:00:00-05:00,100.4145736694336,UP
2024-02-23 00:00:00-05:00,99.53272247314453,UP
2024-02-26 00:00:00-05:00,99.92571258544922,UP
2024-02-27 00:00:00-05:00,99.71484375,UP
2024-02-28 00:00:00-05:00,99.9928207397461,UP
2024-02-29 00:00:00-05:00,100.18452453613281,UP
2024-03-01 00:00:00-05:00,101.44976043701172,UP
2024-03-04 00:00:00-05:00,100.03115844726562,UP
2024-03-05 00:00:00-05:00,101.258056640625,UP
2024-03-06 00:00:00-05:00,102.3411865234375,UP
2024-03-07 00:00:00-05:00,102.91630554199219,UP
2024-03-08 00:00:00-05:00,103.8843994140625,UP
2024-03-11 00:00:00-04:00,104.49786376953125,UP
2024-03-12 00:00:00-04:00,103.82688903808594,UP
2024-03-13 00:00:00-04:00,104.98670196533203,UP
2024-03-14 00:00:00-04:00,106.84623718261719,UP
2024-03-15 00:00:00-04:00,106.6545181274414,UP
2024-03-18 00:00:00-04:00,107.64180755615234,UP
2024-03-19 00:00:00-04:00,108.39903259277344,UP
2024-03-20 00:00:00-04:00,108.30319213867188,UP
2024-03-21 00:00:00-04:00,108.78244018554688,UP
2024-03-22 00:00:00-04:00,108.78244018554688,UP
2024-03-25 00:00:00-04:00,109.89432525634766,UP
2024-03-26 00:00:00-04:00,109.06999969482422,UP
2024-03-27 00:00:00-04:00,110.20105743408203,UP
2024-03-28 00:00:00-04:00,111.41837310791016,UP
2024-04-01 00:00:00-04:00,112.13726806640625,UP
2024-04-02 00:00:00-04:00,114.33226776123047,UP
2024-04-03 00:00:00-04:00,114.3514404296875,UP
2024-04-04 00:00:00-04:00,114.75402069091797,UP
2024-04-05 00:00:00-04:00,116.3355941772461,UP
2024-04-08 00:00:00-04:00,115.54960632324219,UP
2024-04-09 00:00:00-04:00,116.1534652709961,UP
2024-04-10 00:00:00-04:00,117.13114929199219,UP
2024-04-11 00:00:00-04:00,116.7381591796875,UP
2024-04-12 00:00:00-04:00,115.37706756591797,UP
2024-04-15 00:00:00-04:00,114.71569061279297,UP
2024-04-16 00:00:00-04:00,113.76673889160156,UP
2024-04-17 00:00:00-04:00,113.70924377441406,UP
2024-04-18 00:00:00-04:00,113.60379791259766,UP
2024-04-19 00:00:00-04:00,114.90738677978516,UP
2024-04-22 00:00:00-04:00,115.55917358398438,UP
2024-04-23 00:00:00-04:00,116.00968170166016,UP
2024-04-24 00:00:00-04:00,116.02885437011719,UP
2024-04-25 00:00:00-04:00,116.29723358154297,UP
2024-04-26 00:00:00-04:00,113.06702423095703,UP
2024-04-29 00:00:00-04:00,114.6773452758789,UP
2024-04-30 00:00:00-04:00,113.36417388916016,UP
2024-05-01 00:00:00-04:00,111.21707916259766,UP
2024-05-02 00:00:00-04:00,111.41837310791016,UP
2024-05-03 00:00:00-04:00,111.18832397460938,UP
2024-05-06 00:00:00-04:00,111.90721893310547,UP
2024-05-07 00:00:00-04:00,111.35127258300781,UP
2024-05-08 00:00:00-04:00,111.33210754394531,UP
2024-05-09 00:00:00-04:00,113.5271224975586,UP
2024-05-10 00:00:00-04:00,113.06702423095703,UP
2024-05-13 00:00:00-04:00,113.01911163330078,UP
2024-05-14 00:00:00-04:00,113.70516967773438,UP
2024-05-15 00:00:00-04:00,114.58452606201172,UP
2024-05-16 00:00:00-04:00,113.8984375,UP
2024-05-17 00:00:00-04:00,115.60880279541016,UP
2024-05-20 00:00:00-04:00,114.6714859008789,UP
2024-05-21 00:00:00-04:00,113.87911987304688,UP
2024-05-22 00:00:00-04:00,111.58897399902344,UP
2024-05-23 00:00:00-04:00,109.68534851074219,UP
2024-05-24 00:00:00-04:00,109.59837341308594,UP
2024-05-28 00:00:00-04:00,110.98986053466797,UP
2024-05-29 00:00:00-04:00,109.80130004882812,UP
2024-05-30 00:00:00-04:00,110.149169921875,UP
2024-05-31 00:00:00-04:00,113.30899810791016,UP
2024-06-03 00:00:00-04:00,110.59368133544922,UP
2024-06-04 00:00:00-04:00,108.87364959716797,UP
2024-06-05 00:00:00-04:00,109.3084945678711,UP
2024-06-06 00:00:00-04:00,110.12985229492188,UP
2024-06-07 00:00:00-04:00,108.95095825195312,UP
2024-06-10 00:00:00-04:00,109.26983642578125,UP
2024-06-11 00:00:00-04:00,108.39049530029297,UP
2024-06-12 00:00:00-04:00,107.1922836303711,UP
2024-06-13 00:00:00-04:00,106.332275390625,UP
2024-06-14 00:00:00-04:00,105.43360137939453,UP
2024-06-17 00:00:00-04:00,104.70887756347656,UP
2024-06-18 00:00:00-04:00,105.69450378417969,UP
2024-06-20 00:00:00-04:00,107.97499084472656,UP
2024-06-21 00:00:00-04:00,107.02800750732422,UP
2024-06-24 00:00:00-04:00,110.2071533203125,UP
2024-06-25 00:00:00-04:00,110.51637268066406,UP
2024-06-26 00:00:00-04:00,110.55502319335938,UP
2024-06-27 00:00:00-04:00,111.02851867675781,UP
2024-06-28 00:00:00-04:00,111.24110412597656,UP
2024-07-01 00:00:00-04:00,111.08649444580078,UP
2024-07-02 00:00:00-04:00,110.33277130126953,UP
2024-07-03 00:00:00-04:00,110.89323425292969,UP
2024-07-05 00:00:00-04:00,109.5500717163086,UP
2024-07-08 00:00:00-04:00,108.4001693725586,UP
2024-07-09 00:00:00-04:00,107.20194244384766,UP
2024-07-10 00:00:00-04:00,108.14892578125,UP
2024-07-11 00:00:00-04:00,109.43411254882812,UP
2024-07-12 00:00:00-04:00,109.45343017578125,UP
2024-07-15 00:00:00-04:00,111.32807159423828,UP
2024-07-16 00:00:00-04:00,112.1301040649414,UP
2024-07-17 00:00:00-04:00,113.67618560791016,UP
2024-07-18 00:00:00-04:00,114.79710388183594,UP
2024-07-19 00:00:00-04:00,112.15908813476562,UP
2024-07-22 00:00:00-04:00,111.38603973388672,UP
2024-07-23 00:00:00-04:00,109.58872985839844,UP
2024-07-24 00:00:00-04:00,111.13480377197266,UP
2024-07-25 00:00:00-04:00,113.47325897216797,UP
2024-07-26 00:00:00-04:00,113.37664031982422,UP
2024-07-29 00:00:00-04:00,112.18807983398438,UP
2024-07-30 00:00:00-04:00,114.18832397460938,UP
2024-07-31 00:00:00-04:00,114.59416961669922,UP
2024-08-01 00:00:00-04:00,113.00942993164062,UP
2024-08-02 00:00:00-04:00,112.9417953491211,UP
2024-08-05 00:00:00-04:00,110.90289306640625,UP
2024-08-06 00:00:00-04:00,110.3134536743164,UP
2024-08-07 00:00:00-04:00,111.78223419189453,UP
2024-08-08 00:00:00-04:00,113.91777038574219,UP
2024-08-09 00:00:00-04:00,114.84542083740234,UP
2024-08-12 00:00:00-04:00,114.99036407470703,UP
2024-08-13 00:00:00-04:00,113.88877868652344,UP
2024-08-14 00:00:00-04:00,114.94204711914062,UP
2024-08-15 00:00:00-04:00,115.65313720703125,UP
2024-08-16 00:00:00-04:00,115.1076431274414,UP
2024-08-19 00:00:00-04:00,115.45831298828125,UP
2024-08-20 00:00:00-04:00,111.61067962646484,UP
2024-08-21 00:00:00-04:00,110.89959716796875,UP
2024-08-22 00:00:00-04:00,111.75679779052734,UP
2024-08-23 00:00:00-04:00,113.30558776855469,UP
2024-08-26 00:00:00-04:00,115.7310562133789,UP
2024-08-27 00:00:00-04:00,114.63034057617188,UP
2024-08-28 00:00:00-04:00,113.50040435791016,UP
2024-08-29 00:00:00-04:00,115.06867980957031,UP
2024-08-30 00:00:00-04:00,114.88361358642578,UP
2024-09-03 00:00:00-04:00,112.47761535644531,UP
2024-09-04 00:00:00-04:00,111.10415649414062,UP
2024-09-05 00:00:00-04:00,110.23721313476562,UP
2024-09-06 00:00:00-04:00,109.720947265625,UP
2024-09-09 00:00:00-04:00,112.029541015625,UP
2024-09-10 00:00:00-04:00,107.9481201171875,UP
2024-09-11 00:00:00-04:00,106.87663269042969,UP
2024-09-12 00:00:00-04:00,108.34749603271484,UP
2024-09-13 00:00:00-04:00,108.26956176757812,UP
2024-09-16 00:00:00-04:00,109.78914642333984,UP
2024-09-17 00:00:00-04:00,111.22103881835938,UP
2024-09-18 00:00:00-04:00,111.61067962646484,UP
2024-09-19 00:00:00-04:00,112.99388122558594,UP
2024-09-20 00:00:00-04:00,112.28279876708984,UP
2024-09-23 00:00:00-04:00,114.31863403320312,UP
2024-09-24 00:00:00-04:00,114.01667022705078,UP
2024-09-25 00:00:00-04:00,111.7957534790039,UP
2024-09-26 00:00:00-04:00,109.87681579589844,UP
2024-09-27 00:00:00-04:00,112.81854248046875,UP
2024-09-30 00:00:00-04:00,114.1822738647461,UP
2024-10-01 00:00:00-04:00,116.82203674316406,UP
2024-10-02 00:00:00-04:00,118.3708267211914,UP
2024-10-03 00:00:00-04:00,119.40336608886719,UP
2024-10-04 00:00:00-04:00,121.59505462646484,UP
2024-10-07 00:00:00-04:00,122.12106323242188,UP
2024-10-08 00:00:00-04:00,118.87735748291016,UP
2024-10-09 00:00:00-04:00,118.92605590820312,UP
2024-10-10 00:00:00-04:00,119.9488525390625,UP
2024-10-11 00:00:00-04:00,120.40666961669922,UP
2024-10-14 00:00:00-04:00,120.86449432373047,UP
2024-10-15 00:00:00-04:00,117.23114776611328,UP
2024-10-16 00:00:00-04:00,117.53311920166016,UP
2024-10-17 00:00:00-04:00,117.23114776611328,UP
2024-10-18 00:00:00-04:00,116.89996337890625,UP
2024-10-21 00:00:00-04:00,116.96814727783203,UP
2024-10-22 00:00:00-04:00,117.57207489013672,UP
2024-10-23 00:00:00-04:00,117.1532211303711,UP
2024-10-24 00:00:00-04:00,116.4908447265625,UP
2024-10-25 00:00:00-04:00,116.3934326171875,UP
2024-10-28 00:00:00-04:00,115.8187255859375,UP
2024-10-29 00:00:00-04:00,114.24070739746094,UP
2024-10-30 00:00:00-04:00,113.66600036621094,UP
2024-10-31 00:00:00-04:00,113.75366973876953,UP
2024-11-01 00:00:00-04:00,111.9710922241211,UP
2024-11-04 00:00:00-05:00,115.53624725341797,UP
2024-11-05 00:00:00-05:00,115.87716674804688,UP
2024-11-06 00:00:00-05:00,117.86431121826172,UP
2024-11-07 00:00:00-05:00,118.01042175292969,UP
2024-11-08 00:00:00-05:00,117.97145080566406,UP
2024-11-11 00:00:00-05:00,117.3480453491211,UP
2024-11-12 00:00:00-05:00,117.23114776611328,UP
2024-11-13 00:00:00-05:00,118.32212829589844,UP
2024-11-14 00:00:00-05:00,118.40068817138672,UP
2024-11-15 00:00:00-05:00,117.17308044433594,UP
2024-11-18 00:00:00-05:00,118.15516662597656,UP
2024-11-19 00:00:00-05:00,116.50525665283203,UP
2024-11-20 00:00:00-05:00,118.16499328613281,UP
2024-11-21 00:00:00-05:00,119.74615478515625,UP
2024-11-22 00:00:00-05:00,119.6086654663086,UP
2024-11-25 00:00:00-05:00,117.8212661743164,UP
2024-11-26 00:00:00-05:00,115.85708618164062,UP
2024-11-27 00:00:00-05:00,115.5526351928711,UP
2024-11-29 00:00:00-05:00,115.8472671508789,UP
2024-12-02 00:00:00-05:00,115.73922729492188,UP
2024-12-03 00:00:00-05:00,115.56245422363281,UP
2024-12-04 00:00:00-05:00,112.23316955566406,UP
2024-12-05 00:00:00-05:00,112.7242202758789,UP
2024-12-06 00:00:00-05:00,111.535888671875,UP
2024-12-09 00:00:00-05:00,110.87789154052734,UP
2024-12-10 00:00:00-05:00,110.65200805664062,UP
2024-12-11 00:00:00-05:00,109.91543579101562,UP
2024-12-12 00:00:00-05:00,109.81723022460938,UP
2024-12-13 00:00:00-05:00,108.85478210449219,UP
2024-12-16 00:00:00-05:00,106.52723693847656,UP
2024-12-17 00:00:00-05:00,106.07547760009766,UP
2024-12-18 00:00:00-05:00,104.51394653320312,UP
2024-12-19 00:00:00-05:00,103.62025451660156,UP
2024-12-20 00:00:00-05:00,103.97380065917969,UP
2024-12-23 00:00:00-05:00,104.39610290527344,UP
2024-12-24 00:00:00-05:00,104.49430847167969,UP
2024-12-26 00:00:00-05:00,104.58269500732422,UP
2024-12-27 00:00:00-05:00,104.5728759765625,UP
2024-12-30 00:00:00-05:00,103.86577606201172,UP
2024-12-31 00:00:00-05:00,105.64335632324219,UP
2025-01-02 00:00:00-05:00,105.38800811767578,UP
2025-01-03 00:00:00-05:00,105.92816162109375,UP
2025-01-06 00:00:00-05:00,105.810302734375,UP
2025-01-07 00:00:00-05:00,106.8022232055664,UP
2025-01-08 00:00:00-05:00,105.01481628417969,UP
2025-01-10 00:00:00-05:00,104.63180541992188,UP
2025-01-13 00:00:00-05:00,107.33255004882812,UP
2025-01-14 00:00:00-05:00,107.75485229492188,UP
2025-01-15 00:00:00-05:00,109.5127944946289,UP
2025-01-16 00:00:00-05:00,109.32618713378906,UP
2025-01-17 00:00:00-05:00,110.30827331542969,UP
2025-01-21 00:00:00-05:00,109.47350311279297,UP
2025-01-22 00:00:00-05:00,107.56824493408203,UP
2025-01-23 00:00:00-05:00,108.1771469116211,UP
2025-01-24 00:00:00-05:00,106.71382904052734,UP
2025-01-27 00:00:00-05:00,108.19678497314453,UP
2025-01-28 00:00:00-05:00,106.10493469238281,UP
2025-01-29 00:00:00-05:00,106.7236557006836,UP
2025-01-30 00:00:00-05:00,107.60753631591797,UP
2025-01-31 00:00:00-05:00,104.91661071777344,UP
2025-02-03 00:00:00-05:00,105.17195129394531,UP
2025-02-04 00:00:00-05:00,107.99054718017578,UP
2025-02-05 00:00:00-05:00,107.91197967529297,UP
2025-02-06 00:00:00-05:00,106.48794555664062,UP
2025-02-07 00:00:00-05:00,106.93971252441406,UP
2025-02-10 00:00:00-05:00,108.98246002197266,UP
2025-02-11 00:00:00-05:00,109.669921875,UP
2025-02-12 00:00:00-05:00,106.37030792236328,UP
2025-02-13 00:00:00-05:00,107.1431884765625,UP
2025-02-14 00:00:00-05:00,107.25218963623047,UP
2025-02-18 00:00:00-05:00,109.13484954833984,UP
2025-02-19 00:00:00-05:00,109.29338836669922,UP
2025-02-20 00:00:00-05:00,110.97787475585938,UP
2025-02-21 00:00:00-05:00,109.6798324584961,UP
2025-02-24 00:00:00-05:00,110.25453186035156,UP
2025-02-25 00:00:00-05:00,108.72859191894531,UP
2025-02-26 00:00:00-05:00,108.46105194091797,UP
2025-02-27 00:00:00-05:00,109.14476013183594,UP
2025-02-28 00:00:00-05:00,110.3139877319336,UP
2025-03-03 00:00:00-05:00,106.77657318115234,UP
2025-03-04 00:00:00-05:00,106.55857849121094,UP
2025-03-05 00:00:00-05:00,104.47774505615234,UP
2025-03-06 00:00:00-05:00,106.63784790039062,UP
2025-03-07 00:00:00-05:00,108.02506256103516,UP
2025-03-10 00:00:00-04:00,110.77970123291016,UP
2025-03-11 00:00:00-04:00,108.1637954711914,UP
2025-03-12 00:00:00-04:00,108.13406372070312,UP
2025-03-13 00:00:00-04:00,107.67826080322266,UP
2025-03-14 00:00:00-04:00,110.8787841796875,UP
2025-03-17 00:00:00-04:00,112.72181701660156,UP
2025-03-18 00:00:00-04:00,112.6029052734375,UP
2025-03-19 00:00:00-04:00,114.35675811767578,UP
2025-03-20 00:00:00-04:00,114.84228515625,UP
2025-03-21 00:00:00-04:00,114.44593048095703,UP
2025-03-24 00:00:00-04:00,114.74319458007812,UP
2025-03-25 00:00:00-04:00,115.5259780883789,UP
2025-03-26 00:00:00-04:00,117.1906509399414,UP
2025-03-27 00:00:00-04:00,116.81411743164062,UP
2025-03-28 00:00:00-04:00,116.65558624267578,UP
2025-03-31 00:00:00-04:00,117.8446273803711,UP
2025-04-01 00:00:00-04:00,117.95362854003906,UP
2025-04-02 00:00:00-04:00,117.58699798583984,UP
2025-04-03 00:00:00-04:00,111.4039535522461,UP
2025-04-04 00:00:00-04:00,103.38777923583984,UP
2025-04-07 00:00:00-04:00,102.00055694580078,UP
2025-04-08 00:00:00-04:00,99.85035705566406,UP
2025-04-09 00:00:00-04:00,104.83445739746094,UP
2025-04-10 00:00:00-04:00,99.01802825927734,UP
2025-04-11 00:00:00-04:00,102.19873046875,UP
2025-04-14 00:00:00-04:00,102.44644927978516,UP
2025-04-15 00:00:00-04:00,102.15909576416016,UP
2025-04-16 00:00:00-04:00,103.23915100097656,UP
2025-04-17 00:00:00-04:00,105.94422912597656,UP
2025-04-21 00:00:00-04:00,104.38855743408203,UP
2025-04-22 00:00:00-04:00,107.3116455078125,UP
2025-04-23 00:00:00-04:00,106.39012908935547,UP
2025-04-24 00:00:00-04:00,107.63862609863281,UP
2025-04-25 00:00:00-04:00,107.57917785644531,UP
2025-04-28 00:00:00-04:00,107.63862609863281,UP
2025-04-29 00:00:00-04:00,107.37109375,UP
2025-04-30 00:00:00-04:00,104.66600799560547,UP
2025-05-01 00:00:00-04:00,104.81463623046875,UP
2025-05-02 00:00:00-04:00,105.24071502685547,UP
2025-05-05 00:00:00-04:00,102.32754516601562,UP
2025-05-06 00:00:00-04:00,103.75440216064453,UP
2025-05-07 00:00:00-04:00,103.65531921386719,UP
2025-05-08 00:00:00-04:00,105.10198974609375,UP
2025-05-09 00:00:00-04:00,106.33067321777344,UP
2025-05-12 00:00:00-04:00,108.1637954711914,UP
2025-05-13 00:00:00-04:00,108.46105194091797,UP
2025-05-14 00:00:00-04:00,107.48999786376953,UP
2025-05-15 00:00:00-04:00,108.58000183105469,UP
2025-05-16 00:00:00-04:00,108.19000244140625,UP
2025-05-19 00:00:00-04:00,106.47000122070312,UP
2025-05-20 00:00:00-04:00,104.94999694824219,UP
2025-05-21 00:00:00-04:00,103.66000366210938,UP
2025-05-22 00:00:00-04:00,102.97000122070312,UP
2025-05-23 00:00:00-04:00,103.02999877929688,UP
2025-05-27 00:00:00-04:00,103.5199966430664,UP
2025-05-28 00:00:00-04:00,102.11000061035156,UP
2025-05-29 00:00:00-04:00,102.69000244140625,UP
2025-05-30 00:00:00-04:00,102.30000305175781,UP
2025-06-02 00:00:00-04:00,103.05000305175781,UP
2025-06-03 00:00:00-04:00,103.80000305175781,UP
2025-06-04 00:00:00-04:00,102.30000305175781,UP
2025-06-05 00:00:00-04:00,101.83000183105469,UP
2025-06-06 00:00:00-04:00,104.2699966430664,UP
2025-06-09 00:00:00-04:00,104.97000122070312,UP
2025-06-10 00:00:00-04:00,107.22000122070312,UP
2025-06-11 00:00:00-04:00,109.30999755859375,UP
2025-06-12 00:00:00-04:00,109.7300033569336,UP
2025-06-13 00:00:00-04:00,112.12000274658203,UP
2025-06-16 00:00:00-04:00,112.4800033569336,UP
2025-06-17 00:00:00-04:00,114.0,UP
2025-06-18 00:00:00-04:00,113.19000244140625,UP
2025-06-20 00:00:00-04:00,114.69999694824219,UP
2025-06-23 00:00:00-04:00,111.73999786376953,UP
2025-06-24 00:00:00-04:00,108.33999633789062,UP
2025-06-25 00:00:00-04:00,108.37000274658203,UP
2025-06-26 00:00:00-04:00,109.98999786376953,UP
2025-06-27 00:00:00-04:00,109.37999725341797,UP
2025-06-30 00:00:00-04:00,107.80000305175781,UP
2025-07-01 00:00:00-04:00,109.23999786376953,UP
2025-07-02 00:00:00-04:00,111.05000305175781,UP
2025-07-03 00:00:00-04:00,112.19999694824219,UP
2025-07-07 00:00:00-04:00,111.11000061035156,UP
2025-07-08 00:00:00-04:00,114.19000244140625,UP
2025-07-09 00:00:00-04:00,113.80000305175781,UP
2025-07-10 00:00:00-04:00,114.93000030517578,UP
2025-07-11 00:00:00-04:00,115.43000030517578,UP
2025-07-14 00:00:00-04:00,113.91999816894531,UP
2025-07-15 00:00:00-04:00,112.91000366210938,UP
2025-07-16 00:00:00-04:00,112.2300033569336,UP
2025-07-17 00:00:00-04:00,111.66000366210938,UP
2025-07-18 00:00:00-04:00,107.7699966430664,UP
2025-07-21 00:00:00-04:00,108.05000305175781,UP
2025-07-22 00:00:00-04:00,108.54000091552734,UP
2025-07-23 00:00:00-04:00,109.93000030517578,UP
2025-07-24 00:00:00-04:00,110.79000091552734,UP
2025-07-25 00:00:00-04:00,110.4000015258789,UP
2025-07-28 00:00:00-04:00,111.44000244140625,UP
2025-07-29 00:00:00-04:00,112.87999725341797,UP
2025-07-30 00:00:00-04:00,111.9000015258789,UP
2025-07-31 00:00:00-04:00,111.63999938964844,UP
2025-08-01 00:00:00-04:00,109.63999938964844,UP
2025-08-04 00:00:00-04:00,107.37000274658203,UP
2025-08-05 00:00:00-04:00,107.23999786376953,UP
2025-08-06 00:00:00-04:00,106.51000213623047,UP
2025-08-07 00:00:00-04:00,105.94999694824219,UP
